<?xml version="1.0"?>
<companyB>
	<customer>
		<customerName>Buster</customerName>
		<customerAddress>Winnipeg</customerAddress>
		<orderNum>W1</orderNum>
		<orderDate>101201</orderDate>
		<product>computer</product>
		<quantity>200</quantity>
		<amountTotal>400000</amountTotal>
		<pricePerUnit>2000</pricePerUnit>
	</customer>
	<customer>
		<customerName>Sam</customerName>
		<customerAddress>Brandon</customerAddress>
		<orderNum>b221</orderNum>
		<orderDate>161100</orderDate>
		<product>printer</product>
		<quantity>20</quantity>
		<amountTotal>20000</amountTotal>
		<pricePerUnit>1000</pricePerUnit>
	</customer>
	<customer>
		<customerName>Brunhilda</customerName>
		<customerAddress>Steinbach</customerAddress>
		<orderNum>S8721</orderNum>
		<orderDate>211200</orderDate>
		<product>scanner</product>
		<quantity>2</quantity>
		<amountTotal>2400</amountTotal>
		<pricePerUnit>1200</pricePerUnit>
	</customer>
	<customer>
		<customerName>Toni</customerName>
		<customerAddress>Flin Flon</customerAddress>
		<orderNum>FF41</orderNum>
		<orderDate>211200</orderDate>
		<product>fax</product>
		<quantity>1</quantity>
		<amountTotal>225</amountTotal>
		<pricePerUnit>225</pricePerUnit>
	</customer>
</companyB>
